time,msl,t2m,u10,v10,h700,tcc
1979-01-01,101282.11,294.56665,2.368432,1.0577359,3139.463,0.39042163
1979-02-01,101271.7,294.43695,2.1317239,1.2448425,3137.204,0.06909688
1979-03-01,101292.695,293.82227,2.042029,1.1955638,3140.235,0.19804335
1979-04-01,101302.484,292.4285,1.1079302,1.3236883,3139.439,0.08210272
1979-05-01,101425.055,290.8385,0.5994823,1.6642408,3149.2158,0.11853665
1979-06-01,101585.75,288.39264,0.3402171,1.3861586,3141.1506,0.13910548
1979-07-01,101570.22,288.2395,0.07803297,1.7015408,3146.3936,0.0972468
1979-08-01,101482.08,289.77646,0.772504,2.110174,3147.338,0.118941024
1979-09-01,101527.55,290.0459,1.2318568,2.2002397,3134.1084,0.11441087
1979-10-01,101451.305,291.66113,1.7657789,1.9532402,3142.8735,0.18897922
1979-11-01,101344.54,292.10696,2.1391542,1.4560579,3133.992,0.15715747
1979-12-01,101319.75,293.6487,2.3440187,1.3852484,3138.6006,0.1702587
1980-01-01,101245.516,294.49725,2.5135894,1.4128444,3138.2178,0.08935956
1980-02-01,101257.234,294.45023,2.3758633,1.5229249,3136.233,0.083767906
1980-03-01,101084.84,294.7848,2.1391535,1.5512791,3136.8062,0.13758622
1980-04-01,101234.016,292.97562,1.2820113,1.6918366,3135.553,0.1602189
1980-05-01,101435.94,290.94458,0.7096107,1.9185181,3146.2256,0.17890416
1980-06-01,101494.99,288.7887,0.26458836,1.8005528,3143.9797,0.1280004
1980-07-01,101546.26,288.68427,0.31129265,1.701844,3138.143,0.21042262
1980-08-01,101568.06,288.76044,0.72075677,1.4762242,3139.9312,0.12684831
1980-09-01,101546.08,289.60706,1.2403486,1.4234583,3132.2354,0.083674446
1980-10-01,101499.14,290.86893,1.8923606,1.9118463,3141.229,0.15679601
1980-11-01,101422.445,291.62094,2.1781628,1.3057964,3135.874,0.18213534
1980-12-01,101312.86,293.31598,2.2946599,1.3931329,3135.0828,0.10976912
1981-01-01,101355.41,293.5898,2.6178799,1.5298998,3137.2854,0.14448065
1981-02-01,101165.766,294.5206,2.5292463,1.4125413,3132.8667,0.1641711
1981-03-01,101314.89,293.9785,2.1073103,1.7753829,3146.7837,0.13060215
1981-04-01,101286.35,292.86798,1.368523,2.043003,3140.6147,0.14640239
1981-05-01,101462.24,290.73035,0.9333167,1.6117781,3145.317,0.092536405
1981-06-01,101571.484,288.40875,0.06184554,1.7294403,3144.1865,0.14708334
1981-07-01,101620.81,287.8442,0.1809969,1.7532451,3141.3733,0.086972415
1981-08-01,101573.69,288.9823,0.8088596,1.0704722,3134.7576,0.104260445
1981-09-01,101547.22,290.0423,1.2891762,1.5752361,3139.2146,0.12073879
1981-10-01,101484.45,290.9847,1.7920517,1.599345,3131.7993,0.15211134
1981-11-01,101388.3,291.99533,2.2660003,1.4880512,3131.487,0.112068534
1981-12-01,101275.28,293.33728,2.366575,1.2959404,3134.827,0.21941522
1982-01-01,101304.28,293.8537,2.5849745,1.4049599,3137.4055,0.09832261
1982-02-01,101247.0,293.89563,2.4780297,1.4069312,3132.393,0.102397844
1982-03-01,101225.34,293.8613,2.1354394,1.8889508,3132.7573,0.090953216
1982-04-01,101366.02,292.15283,1.6293802,1.7822058,3145.2554,0.1422499
1982-05-01,101462.75,290.05234,0.77356553,1.37888,3138.2183,0.11631353
1982-06-01,101504.95,288.61914,0.26750588,1.3990463,3133.1914,0.11106427
1982-07-01,101406.625,289.27225,0.35481262,1.7438445,3143.7827,0.15298972
1982-08-01,101441.22,289.60138,1.0023128,1.6295185,3141.878,0.16982856
1982-09-01,101465.266,290.82007,1.44601,1.4615164,3139.6797,0.166914
1982-10-01,101379.8,291.67365,1.9345545,1.4616683,3135.1494,0.1407659
1982-11-01,101206.19,292.96066,2.200189,1.3508292,3128.7942,0.14110544
1982-12-01,101135.33,294.36835,2.3721485,1.1575055,3133.118,0.13345185
1983-01-01,101026.23,295.69122,2.5544572,1.2004158,3133.227,0.16454495
1983-02-01,101054.21,296.09045,2.4663534,1.4709175,3141.9412,0.17596477
1983-03-01,101107.97,295.2298,2.285903,1.5781169,3139.6316,0.14440626
1983-04-01,101140.41,293.63388,1.5521575,1.7620399,3137.649,0.17896041
1983-05-01,101244.734,291.70255,0.8813056,1.8469505,3127.4106,0.24559477
1983-06-01,101447.7,289.59998,0.37922692,1.628154,3125.8696,0.09115065
1983-07-01,101473.45,288.31335,0.36542797,1.413754,3120.8555,0.13136321
1983-08-01,101607.375,289.04007,0.87812126,1.4072342,3140.018,0.083868064
1983-09-01,101629.9,289.48846,1.3027103,1.8800048,3129.83,0.09249539
1983-10-01,101466.75,290.91934,1.9764838,1.4234583,3138.4575,0.1477929
1983-11-01,101466.47,292.0368,2.133051,1.1593254,3141.7375,0.10653792
1983-12-01,101408.336,293.1971,2.5191622,0.9981468,3144.353,0.13094643
1984-01-01,101326.41,293.92896,2.5483527,0.9327959,3131.688,0.26779068
1984-02-01,101114.23,294.32257,2.523673,1.3226267,3124.8293,0.20040476
1984-03-01,101256.78,293.4793,2.2309723,1.4369528,3136.3394,0.15625238
1984-04-01,101378.484,292.18726,1.6166427,1.4616683,3141.5784,0.11906311
1984-05-01,101464.22,289.36523,0.92402947,1.6096551,3138.3865,0.13145
1984-06-01,101564.19,288.03156,0.28263283,1.3982885,3130.0498,0.14984816
1984-07-01,101540.59,287.77908,0.5538404,0.99435604,3132.528,0.12664326
1984-08-01,101610.086,288.01013,0.78656805,1.2859331,3130.4417,0.08569823
1984-09-01,101549.0,289.5979,1.3804651,1.647865,3136.9321,0.12735282
1984-10-01,101481.9,291.0569,2.0632586,1.6087455,3138.779,0.24596481
1984-11-01,101492.86,291.8628,2.280331,1.4349822,3137.2837,0.11499741
1984-12-01,101171.33,293.45908,2.4361014,1.2970022,3123.7961,0.14186555
1985-01-01,101377.75,293.7689,2.5748897,1.1001909,3133.7341,0.113182485
1985-02-01,101177.31,294.12622,2.511467,1.4093568,3129.7725,0.13251625
1985-03-01,101190.8,294.061,2.2790031,1.1682713,3132.8794,0.15313944
1985-04-01,101343.15,292.04944,1.5707331,1.7044218,3139.925,0.08832574
1985-05-01,101441.36,289.82144,0.84999084,1.4974519,3144.266,0.12354082
1985-06-01,101489.59,289.2309,0.3227036,1.4683396,3148.353,0.14851677
1985-07-01,101655.25,287.32788,0.46494174,1.2513622,3133.5193,0.09826537
1985-08-01,101597.02,288.13135,0.683074,1.7926683,3135.4521,0.1457758
1985-09-01,101525.53,289.5716,1.392141,1.5244412,3133.3555,0.114680775
1985-10-01,101455.3,290.9749,1.9642748,1.6358869,3135.6936,0.16003673
1985-11-01,101465.3,291.44418,2.4334483,1.5382392,3135.4873,0.2897643
1985-12-01,101407.85,292.7174,2.4952788,1.265312,3140.6328,0.23870036
1986-01-01,101285.984,293.80856,2.6672387,1.4354367,3138.0146,0.2443473
1986-02-01,101300.33,294.16412,2.5130587,1.3109516,3135.893,0.12982199
1986-03-01,101320.58,293.2697,2.3031514,1.415422,3140.985,0.15650988
1986-04-01,101309.03,291.65985,1.6338916,1.2533338,3136.3364,0.12821689
1986-05-01,101437.67,290.14282,0.88979745,1.3661436,3137.414,0.16851911
1986-06-01,101520.39,288.53845,0.5169537,1.817383,3142.5767,0.119898565
1986-07-01,101608.445,288.1143,0.41982794,1.4966936,3149.5437,0.21194285
1986-08-01,101490.805,288.6496,0.9572004,1.6164784,3134.589,0.19690175
1986-09-01,101534.56,289.77646,1.4555643,1.768863,3137.5222,0.12690458
1986-10-01,101566.664,291.04608,1.920225,1.1988997,3140.322,0.15430489
1986-11-01,101319.81,292.53305,2.2357485,1.7333823,3133.3684,0.21731704
1986-12-01,101262.95,293.6067,2.4828062,1.0123997,3136.9917,0.2840277
1987-01-01,101218.375,294.29413,2.665381,1.1148989,3136.4482,0.25500894
1987-02-01,101060.72,295.64362,2.4485745,1.2170949,3137.7107,0.21406105
1987-03-01,101205.14,294.4525,2.0972261,1.2722869,3132.6401,0.1635407
1987-04-01,101275.89,292.68735,1.5197825,1.3314211,3138.6328,0.124371506
1987-05-01,101424.55,289.92358,0.8292928,1.2660701,3126.0044,0.1140351
1987-06-01,101493.28,289.31183,0.31739616,1.5236833,3150.3865,0.13785326
1987-07-01,101438.45,288.45233,0.39329123,0.63227236,3122.54,0.13629012
1987-08-01,101466.59,289.92822,0.712796,2.0322375,3144.515,0.18316343
1987-09-01,101544.61,290.3543,1.335882,1.3928295,3144.423,0.17631099
1987-10-01,101465.21,291.77515,1.9263281,1.2741065,3139.2483,0.15085435
1987-11-01,101357.664,292.7633,2.3517141,1.4042017,3141.39,0.19109455
1987-12-01,101291.61,293.7459,2.4623733,1.0894258,3141.1763,0.1856412
1988-01-01,101295.55,293.9976,2.6706882,1.2951826,3143.4243,0.18948087
1988-02-01,101179.94,294.7439,2.504302,1.3568943,3137.3477,0.15196255
1988-03-01,101298.83,293.8559,2.1619754,1.4953291,3147.4717,0.20223969
1988-04-01,101377.266,292.4041,1.6490176,1.6510493,3150.1338,0.242479
1988-05-01,101478.34,290.3713,0.87812114,1.4089019,3145.6382,0.20581234
1988-06-01,101646.766,287.79626,0.3648963,1.2709221,3144.6287,0.2507725
1988-07-01,101703.24,287.07147,0.50076604,1.6349769,3145.055,0.16524975
1988-08-01,101615.34,288.4848,0.88130593,1.617085,3152.1729,0.15695241
1988-09-01,101645.29,288.72513,1.4414988,1.2921498,3132.3198,0.11097367
1988-10-01,101469.19,290.8764,1.8732543,1.5621965,3136.3003,0.15558383
1988-11-01,101458.875,291.78067,2.300764,1.2210374,3143.245,0.1660547
1988-12-01,101421.805,292.4259,2.4127493,1.242265,3136.755,0.16905606
1989-01-01,101244.66,293.76035,2.5313687,0.94826156,3133.2803,0.12829988
1989-02-01,101248.58,294.60272,2.5592327,1.2130011,3137.7922,0.12805477
1989-03-01,101332.95,293.5797,2.383559,1.6254244,3137.5688,0.16800028
1989-04-01,101303.62,291.74197,1.7533077,1.3393058,3128.3374,0.14940944
1989-05-01,101529.35,289.7574,1.0238084,1.6991146,3147.2446,0.1400468
1989-06-01,101588.85,288.46625,0.57055867,1.494874,3143.5938,0.22429347
1989-07-01,101629.555,287.98874,0.5522485,1.5317193,3137.9067,0.15773064
1989-08-01,101577.19,288.89157,0.78418064,1.6889559,3144.4844,0.122711085
1989-09-01,101540.05,288.7718,1.4210664,1.7211004,3121.2832,0.092145376
1989-10-01,101490.02,290.92618,1.9990398,1.6032871,3142.7476,0.1711075
1989-11-01,101356.375,292.2962,2.150034,1.2201276,3133.7769,0.11108336
1989-12-01,101447.125,293.1168,2.4021344,1.258034,3140.505,0.0985391
1990-01-01,101115.0,294.41864,2.5727673,1.2970021,3129.4392,0.25098997
1990-02-01,101368.53,294.28998,2.3939075,1.5353584,3148.925,0.22069606
1990-03-01,101268.48,293.66803,2.0269032,1.4600003,3145.6873,0.15664054
1990-04-01,101342.31,291.76456,1.4813043,1.7770505,3139.4497,0.13749084
1990-05-01,101394.28,290.44568,0.5955031,1.7270138,3143.9756,0.25151163
1990-06-01,101472.625,288.92044,0.11677647,1.5139792,3141.7686,0.12828462
1990-07-01,101628.24,287.5156,0.25821877,1.7638593,3140.4243,0.108107746
1990-08-01,101562.086,288.8837,0.7918751,1.5124629,3148.208,0.15366018
1990-09-01,101482.85,290.41425,1.2246922,1.8860698,3142.5332,0.14165859
1990-10-01,101576.125,290.58337,1.9223483,1.9159403,3140.2297,0.11229743
1990-11-01,101340.86,292.01645,2.2819228,1.6493816,3137.376,0.16913617
1990-12-01,101283.99,293.06354,2.4947484,1.2318025,3138.724,0.3063113
1991-01-01,101307.766,293.76913,2.5961199,1.3223237,3139.7874,0.22185482
1991-02-01,101235.69,294.39398,2.4520235,1.3901006,3143.6992,0.14829455
1991-03-01,101259.41,293.5987,2.2649393,1.6422551,3139.586,0.11966586
1991-04-01,101308.67,292.2154,1.5834707,1.8466473,3143.8154,0.11594159
1991-05-01,101371.66,290.80768,0.8494607,1.6783421,3147.5967,0.17339641
1991-06-01,101518.875,289.0687,0.3221724,1.2986696,3140.4087,0.122752085
1991-07-01,101597.67,288.4237,0.611956,1.8769724,3142.4292,0.11126837
1991-08-01,101612.695,288.41647,1.0853736,2.0269308,3139.937,0.29843265
1991-09-01,101483.96,290.26932,1.6214187,1.475921,3139.5898,0.17913398
1991-10-01,101402.44,291.00403,1.8682125,1.7203428,3130.1235,0.12856881
1991-11-01,101341.39,292.05963,2.2962523,1.8260257,3133.414,0.24501969
1991-12-01,101258.375,293.0857,2.4358363,1.1406753,3126.0684,0.16711237
1992-01-01,101198.19,294.352,2.526062,1.4392273,3135.2676,0.3044678
1992-02-01,101227.8,294.59265,2.3336694,1.5459723,3136.2534,0.09454873
1992-03-01,101152.96,294.29218,2.081304,1.4258842,3135.261,0.13406318
1992-04-01,101256.414,292.4901,1.2777671,1.8342135,3129.3062,0.23030764
1992-05-01,101332.586,290.79132,0.80169415,1.9831109,3133.3284,0.12429806
1992-06-01,101431.48,289.1129,0.35773182,1.5415752,3126.6636,0.21463424
1992-07-01,101637.3,288.19153,0.34340215,1.8279972,3136.5493,0.16053362
1992-08-01,101620.37,288.50208,0.631593,1.4997263,3141.9187,0.08717936
1992-09-01,101477.125,289.38156,1.2703363,1.3896458,3126.4224,0.11464739
1992-10-01,101393.92,291.65265,1.8464519,1.4935095,3136.1216,0.20412426
1992-11-01,101284.516,292.64496,2.214253,1.3265691,3133.1382,0.17903957
1992-12-01,101251.25,293.44745,2.385151,1.2377161,3135.1377,0.1976695
1993-01-01,101278.41,294.31885,2.5844436,1.1038301,3140.823,0.36788145
1993-02-01,101243.336,294.6615,2.40585,1.3343018,3141.1465,0.10783593
1993-03-01,101276.93,293.82776,2.1909006,1.4962387,3146.045,0.11588532
1993-04-01,101253.94,292.7152,1.4526445,1.555373,3139.8855,0.13214621
1993-05-01,101449.13,290.35452,0.714653,1.9270091,3138.482,0.09313437
1993-06-01,101438.38,288.99738,0.099261284,1.6008611,3149.1084,0.16445723
1993-07-01,101595.09,287.54602,0.28050947,1.7629492,3137.5786,0.09134425
1993-08-01,101559.375,289.05298,0.8266387,1.6522623,3143.062,0.18211627
1993-09-01,101548.375,289.5733,1.2963428,1.4363465,3131.4316,0.10681641
1993-10-01,101442.31,291.25854,1.7010293,1.5341455,3139.8481,0.14597797
1993-11-01,101410.09,291.95236,2.208946,1.4076893,3138.0967,0.15813217
1993-12-01,101274.43,293.00064,2.511732,1.3373346,3135.6191,0.1472159
1994-01-01,101286.305,293.82172,2.6648502,1.3305113,3136.6643,0.14049028
1994-02-01,101240.586,294.04218,2.3596756,1.348403,3134.8042,0.117294915
1994-03-01,101287.87,293.97617,2.1242933,1.3652339,3144.768,0.093061894
1994-04-01,101335.45,292.7334,1.603375,1.635432,3145.181,0.17570156
1994-05-01,101390.21,290.5977,0.70430446,1.49912,3145.6914,0.13481852
1994-06-01,101519.03,288.81372,0.3383596,1.6355836,3147.0527,0.10453321
1994-07-01,101548.516,288.2221,0.36781645,1.8091954,3138.0942,0.14825068
1994-08-01,101577.234,288.66156,0.8757329,1.3829739,3142.187,0.15908493
1994-09-01,101412.44,290.77573,1.3414555,1.3162584,3148.6343,0.13560057
1994-10-01,101440.85,291.36346,1.838225,1.5737202,3136.1304,0.12475586
1994-11-01,101417.67,292.56848,2.1962078,1.5869112,3140.5151,0.121950954
1994-12-01,101279.92,293.61365,2.4878488,1.349616,3138.4893,0.2438323
1995-01-01,101290.44,294.4466,2.44539,1.1996579,3143.102,0.16460505
1995-02-01,101382.0,294.3753,2.3517146,1.7168549,3149.1182,0.10959841
1995-03-01,101297.24,293.7418,2.0494597,1.5808464,3142.7085,0.21941999
1995-04-01,101272.72,292.25778,1.3181027,1.6680315,3140.8035,0.10136019
1995-05-01,101447.08,290.43384,0.8292923,1.5758427,3147.5566,0.19575348
1995-06-01,101505.6,289.2052,0.33384848,1.5388459,3150.998,0.11944745
1995-07-01,101589.22,287.94308,0.26750612,2.1141157,3136.0986,0.08551512
1995-08-01,101599.06,288.10165,0.88873434,1.8343654,3140.6401,0.22774403
1995-09-01,101596.83,289.79913,1.4852852,1.8032819,3146.7998,0.11051398
1995-10-01,101478.06,290.89948,1.8315912,1.6457425,3136.548,0.18209243
1995-11-01,101460.875,291.93484,2.265735,1.6319444,3139.1301,0.18048635
1995-12-01,101440.05,293.0481,2.4353063,1.524138,3146.4944,0.1335806
1996-01-01,101318.03,293.49246,2.474846,1.4351335,3129.1475,0.08973819
1996-02-01,101251.68,293.9945,2.4148726,1.6151139,3137.7485,0.10586365
1996-03-01,101334.39,293.33597,2.0712204,1.7141259,3140.5847,0.101802714
1996-04-01,101392.49,291.68512,1.5962083,1.8501344,3138.5933,0.12743007
1996-05-01,101514.93,290.19043,0.7592354,1.8061628,3149.8372,0.13878505
1996-06-01,101613.98,287.72455,0.20010257,1.5312645,3137.4504,0.21329713
1996-07-01,101628.18,287.866,0.2783866,1.5494595,3150.22,0.21270771
1996-08-01,101632.72,288.38452,0.9728576,1.8072243,3139.2197,0.16455737
1996-09-01,101471.664,289.55792,1.2854629,1.7176133,3133.1208,0.13979694
1996-10-01,101496.22,290.756,1.8745816,1.866965,3135.022,0.14918628
1996-11-01,101348.97,291.79614,2.1654258,1.1831307,3131.965,0.2123949
1996-12-01,101273.336,293.09064,2.4024,1.3570461,3131.4268,0.14811908
1997-01-01,101388.88,293.66327,2.529512,1.2829008,3140.086,0.14455122
1997-02-01,101155.875,294.91086,2.371352,1.5033653,3136.7593,0.1290762
1997-03-01,101241.234,294.5197,2.0096545,1.5265639,3140.892,0.12487602
1997-04-01,101366.04,292.84308,1.4194732,1.6048034,3147.6475,0.08932332
1997-05-01,101293.125,291.62866,0.62734723,1.183737,3137.4197,0.17960703
1997-06-01,101448.09,289.78625,0.4190328,1.636948,3128.276,0.1304419
1997-07-01,101379.95,289.56378,0.4023142,1.6562047,3140.2117,0.19237638
1997-08-01,101451.97,290.65027,0.68201184,1.3377895,3142.069,0.21903087
1997-09-01,101407.01,291.56717,1.4807731,2.1624844,3143.1362,0.22190252
1997-10-01,101455.766,291.73242,1.8544132,1.9870529,3131.2292,0.09628451
1997-11-01,101402.0,293.0009,2.2163765,1.7447543,3140.775,0.15411797
1997-12-01,101189.07,294.8068,2.389662,1.5094304,3136.6292,0.0680392
1998-01-01,101037.84,295.8374,2.5921388,1.1966255,3141.2559,0.1767659
1998-02-01,101238.49,295.48093,2.3986845,1.5485497,3149.2292,0.09995156
1998-03-01,101160.734,294.84354,2.0173497,1.5056398,3143.478,0.12790026
1998-04-01,101333.62,292.67822,1.4168187,1.503062,3138.0518,0.12851255
1998-05-01,101481.766,290.76053,0.72314453,1.7244365,3149.4238,0.14928931
1998-06-01,101573.01,289.08893,0.3927617,1.2857816,3141.995,0.1098006
1998-07-01,101608.69,288.57776,0.5270374,2.038151,3141.6963,0.11780229
1998-08-01,101652.65,288.1268,0.8062062,2.1922033,3134.7793,0.112426184
1998-09-01,101635.46,289.1667,1.3101418,2.070599,3133.1782,0.09203474
1998-10-01,101507.12,290.73395,1.8642317,1.3305116,3135.2207,0.14408676
1998-11-01,101437.5,291.45074,2.2386675,1.4603032,3133.4768,0.19534528
1998-12-01,101406.45,292.34058,2.494748,1.0886672,3136.4998,0.16416538
1999-01-01,101329.14,292.81445,2.5141208,1.3571978,3130.7915,0.09409477
1999-02-01,101300.08,293.84998,2.5305734,1.2687993,3139.7249,0.12019423
1999-03-01,101266.39,292.9787,2.2572432,1.6895621,3132.5723,0.13771974
1999-04-01,101392.46,291.53995,1.3409246,1.5696259,3145.942,0.11535792
1999-05-01,101534.016,289.46692,0.846542,1.6791002,3146.9543,0.13702828
1999-06-01,101584.93,287.81107,0.27281404,1.3297532,3138.5312,0.15990895
1999-07-01,101680.83,287.4064,0.3927617,2.0006993,3137.8613,0.11786619
1999-08-01,101616.875,288.81613,0.8070017,1.5764492,3152.2583,0.13163215
1999-09-01,101606.08,289.51797,1.3947934,1.888041,3139.5786,0.07378821
1999-10-01,101582.914,290.5425,1.9271247,1.8037368,3138.1494,0.13321342
1999-11-01,101480.875,291.30157,2.1728563,1.5488532,3131.1582,0.12563613
1999-12-01,101415.06,292.37448,2.3559608,1.0668334,3135.5242,0.16618823
2000-01-01,101325.22,293.21967,2.5921392,1.0942776,3132.0957,0.16423501
2000-02-01,101390.7,293.55524,2.344019,1.4465054,3142.4578,0.082525216
2000-03-01,101270.984,293.0312,2.0258415,1.5891858,3132.851,0.07361081
2000-04-01,101355.56,291.9195,1.4611359,1.470159,3145.008,0.11428307
2000-05-01,101503.34,289.5039,0.7894876,1.4195158,3140.7842,0.23145306
2000-06-01,101629.84,287.97144,0.20673752,1.3860068,3132.4617,0.12026575
2000-07-01,101568.64,287.62323,0.17409635,1.3612916,3133.029,0.12224185
2000-08-01,101544.64,288.81757,0.68917847,1.3846418,3138.6094,0.17024246
2000-09-01,101572.77,289.45624,1.248311,1.3484033,3133.9844,0.13868967
2000-10-01,101466.42,291.21765,1.8249576,1.5432429,3141.2502,0.16212729
2000-11-01,101396.86,291.68036,2.0943062,1.3535585,3129.972,0.12026956
2000-12-01,101322.8,293.24057,2.3883348,0.9481101,3136.6682,0.2446506
2001-01-01,101334.49,293.79416,2.5395956,1.2192178,3138.796,0.16982666
2001-02-01,101098.695,294.7898,2.4907675,1.3292984,3130.6934,0.13665634
2001-03-01,101261.95,293.97833,2.116067,1.4724338,3140.791,0.10474685
2001-04-01,101346.03,292.1388,1.4377837,1.6504427,3140.8767,0.148471
2001-05-01,101526.766,289.68414,0.65176153,1.320049,3139.3567,0.14015172
2001-06-01,101581.29,288.1067,0.30094314,1.7285304,3143.8262,0.19820166
2001-07-01,101577.96,287.85052,0.23327422,1.4201223,3143.3418,0.12732136
2001-08-01,101593.81,288.93063,0.73853695,1.645439,3148.1494,0.14781198
2001-09-01,101618.28,289.16638,1.4921842,1.7003276,3132.206,0.18760109
2001-10-01,101450.734,291.10342,1.7859476,1.3433998,3139.9292,0.16619393
2001-11-01,101444.984,291.51172,2.2779417,1.7409636,3137.6577,0.16470519
2001-12-01,101242.19,292.97766,2.3535724,0.9993597,3133.0728,0.24278226
2002-01-01,101308.305,293.95413,2.416995,1.4078406,3138.5122,0.08973628
2002-02-01,101271.0,294.3057,2.3771896,1.3825192,3139.079,0.12905426
2002-03-01,101207.766,294.15332,2.017881,1.5917635,3140.184,0.11536077
2002-04-01,101343.24,291.3993,1.4035504,1.5012425,3131.7942,0.13199839
2002-05-01,101355.66,290.71616,0.65839434,1.2496946,3132.7551,0.19126529
2002-06-01,101542.87,288.1277,0.26803708,1.6283052,3139.235,0.20560443
2002-07-01,101668.625,287.89667,0.2038188,1.2436296,3134.135,0.1525796
2002-08-01,101501.92,289.11688,0.64088154,1.3164098,3140.2275,0.13284624
2002-09-01,101528.5,290.20282,1.259987,1.4351333,3140.539,0.1603076
2002-10-01,101388.836,291.3863,1.9905483,1.6710639,3134.0273,0.2701616
2002-11-01,101402.59,291.96735,2.267858,1.4778922,3135.4304,0.21980816
2002-12-01,101373.61,293.21762,2.4257522,1.4324044,3137.3945,0.11805884
2003-01-01,101294.53,293.74048,2.4748461,1.2368064,3142.0469,0.16410244
2003-02-01,101229.51,294.16736,2.5141206,1.5268674,3137.6033,0.13869157
2003-03-01,101257.22,293.47723,2.149238,1.6710639,3139.7542,0.15045759
2003-04-01,101386.766,291.8936,1.3292475,1.650746,3146.2283,0.15232497
2003-05-01,101436.336,290.48654,0.67139864,1.5829692,3148.3936,0.27205187
2003-06-01,101518.07,288.7281,0.5204034,1.3514358,3148.4736,0.12911814
2003-07-01,101607.3,288.20996,0.4368117,1.7540032,3140.4917,0.15171555
2003-08-01,101622.63,288.9074,0.6369002,1.7251947,3147.3594,0.093758106
2003-09-01,101595.78,289.76498,1.2427378,1.5582541,3144.3408,0.1403873
2003-10-01,101467.95,290.98328,1.9817907,1.3523455,3141.9922,0.16200522
2003-11-01,101337.83,292.21796,2.2498133,1.2578826,3133.4187,0.13725433
2003-12-01,101343.0,292.9599,2.43106,1.6275474,3131.1128,0.2203308
2004-01-01,101339.58,293.61945,2.603284,1.6166302,3140.083,0.30795744
2004-02-01,101310.766,293.62436,2.3838248,1.5932798,3141.5112,0.18558112
2004-03-01,101175.56,293.56143,1.8690081,1.5523407,3137.9277,0.18758678
2004-04-01,101396.305,291.6975,1.2857275,1.4877478,3138.7854,0.14317691
2004-05-01,101488.2,288.99365,0.49200845,1.3067063,3131.6853,0.13570452
2004-06-01,101526.95,288.1375,0.14649773,1.4954809,3140.8096,0.113109045
2004-07-01,101580.766,287.85193,0.44424176,0.90792894,3130.9226,0.1707117
2004-08-01,101586.02,288.6252,0.8223932,1.0451508,3135.8438,0.19107358
2004-09-01,101515.97,290.09204,1.4741395,1.3857036,3141.5269,0.16866025
2004-10-01,101521.625,290.9281,1.9621534,1.6932015,3134.4336,0.19908863
2004-11-01,101396.53,291.99414,2.1808167,1.2540919,3130.1987,0.15681508
2004-12-01,101312.08,292.93683,2.48493,1.2436297,3133.1719,0.17808394
2005-01-01,101282.7,294.11694,2.4552085,1.3303597,3136.6128,0.20742889
2005-02-01,101202.195,294.18542,2.1404808,1.5097336,3139.34,0.34087884
2005-03-01,101365.516,293.38983,1.7774558,1.5189829,3146.5444,0.10610018
2005-04-01,101323.22,292.19437,1.236103,1.6311862,3142.9873,0.2560075
2005-05-01,101482.65,289.65747,0.6453922,1.8276939,3136.6128,0.17588657
2005-06-01,101485.52,288.76984,0.24999166,1.5303547,3140.08,0.17025773
2005-07-01,101646.68,287.38922,0.38426924,1.5755395,3138.2568,0.1264325
2005-08-01,101567.95,288.80093,0.9426055,1.7834191,3143.6982,0.13779223
2005-09-01,101648.88,289.03143,1.335086,1.7808416,3127.765,0.098644
2005-10-01,101612.875,290.00528,1.8249571,1.5517339,3133.2354,0.13109903
2005-11-01,101416.43,291.54666,2.2211528,1.2037516,3134.9556,0.3103932
2005-12-01,101352.125,292.46265,2.425222,1.3012478,3132.6094,0.20264411
2006-01-01,101217.99,294.32672,2.4801533,1.2471168,3132.6782,0.20982178
2006-02-01,101183.3,294.84833,2.3700247,1.6528685,3136.414,0.16426554
2006-03-01,101256.7,293.37744,2.0229223,1.7494547,3139.7844,0.1484462
2006-04-01,101331.75,291.45422,1.4255769,1.4627297,3139.3984,0.16610524
2006-05-01,101490.34,290.0432,0.8016937,1.5356617,3144.8406,0.16745761
2006-06-01,101551.48,288.3283,0.3022685,1.4546933,3143.396,0.13842264
2006-07-01,101535.22,288.8195,0.3540175,0.96600205,3147.6733,0.17071646
2006-08-01,101503.67,288.8182,0.77515805,1.7073026,3137.0356,0.14731032
2006-09-01,101518.71,290.23132,1.3510088,1.7032089,3143.204,0.16891585
2006-10-01,101464.19,291.35522,1.9794018,1.7045732,3138.7285,0.1502697
2006-11-01,101351.92,291.89423,2.2115993,1.5511277,3128.838,0.18573467
2006-12-01,101362.69,292.8877,2.387805,1.4809246,3139.124,0.14317882
2007-01-01,101172.42,294.68213,2.4424706,1.645439,3134.2798,0.25759637
2007-02-01,101299.11,294.12366,2.2840462,1.7109418,3139.2832,0.09652675
2007-03-01,101214.484,293.28464,2.0417638,1.8931965,3135.544,0.16722396
2007-04-01,101392.47,291.67557,1.3167763,1.702754,3145.6377,0.27727538
2007-05-01,101507.31,289.3401,0.7794037,1.481986,3130.4778,0.14151458
2007-06-01,101551.016,288.43427,0.43681216,2.2672584,3142.7026,0.4158029
2007-07-01,101617.57,287.23248,0.28104138,1.6119295,3135.897,0.26033068
2007-08-01,101698.78,286.89276,0.8590138,2.042852,3128.6965,0.17797808
2007-09-01,101638.84,288.61954,1.4940425,1.7641625,3136.9495,0.14538285
2007-10-01,101546.61,289.54465,1.9685216,1.3376379,3134.5012,0.15336645
2007-11-01,101343.03,291.1755,2.0828958,1.4181515,3126.8306,0.22177854
2007-12-01,101416.336,292.04044,2.3434882,1.3763025,3134.0073,0.16930306
2008-01-01,101212.94,294.2803,2.553926,1.26137,3130.558,0.21438816
2008-02-01,101307.27,294.1969,2.2238064,1.9909954,3137.5164,0.13325061
2008-03-01,101286.984,293.82587,1.871131,1.920186,3138.87,0.09637702
2008-04-01,101313.21,291.4666,1.3032422,1.6618149,3129.72,0.10826606
2008-05-01,101515.72,289.0549,0.5533085,1.6023769,3140.2449,0.09524019
2008-06-01,101581.37,287.6587,0.33358383,1.2293766,3135.1875,0.20751664
2008-07-01,101663.73,287.27902,0.46600175,1.4354366,3141.1216,0.11390826
2008-08-01,101587.84,288.34854,0.63928866,1.7790217,3137.4277,0.07409149
2008-09-01,101593.71,289.30423,1.2713965,1.688956,3136.9543,0.08136742
2008-10-01,101578.25,290.26855,1.8069116,1.4968454,3137.1284,0.12455937
2008-11-01,101424.99,291.7282,2.0632582,1.1743367,3135.9302,0.11005142
2008-12-01,101397.69,292.91144,2.2728994,1.5659869,3133.7788,0.15202075
2009-01-01,101331.34,293.86142,2.322789,1.5183764,3142.0913,0.10568245
2009-02-01,101194.5,294.01947,2.221684,1.5679581,3130.6418,0.10845586
2009-03-01,101222.05,293.49658,1.9478228,1.7092738,3137.2454,0.12250604
2009-04-01,101331.67,292.39896,1.4205348,1.5755394,3146.2954,0.11490777
2009-05-01,101443.56,290.23413,0.8730781,1.5374811,3139.6904,0.1487018
2009-06-01,101534.21,288.31732,0.14835572,1.4687946,3142.7656,0.15551516
2009-07-01,101564.98,287.4336,0.22982383,1.5797851,3129.0662,0.2444713
2009-08-01,101514.21,288.45312,0.6087711,1.2760776,3136.2102,0.10212222
2009-09-01,101569.945,289.31802,1.3398628,2.0678701,3132.7786,0.13673264
2009-10-01,101383.2,290.69736,1.6752887,1.1750946,3133.0454,0.16382109
2009-11-01,101262.95,291.9119,2.0465403,1.4457476,3129.8425,0.19820167
2009-12-01,101286.42,293.13098,2.29466,1.3573493,3133.601,0.23332997
2010-01-01,101168.984,294.0838,2.2909453,1.3897972,3132.428,0.18261984
2010-02-01,101115.49,294.61987,2.3686986,1.5365714,3135.5293,0.24072987
2010-03-01,101220.89,293.5627,1.9324317,1.8299685,3143.702,0.10459139
2010-04-01,101359.79,292.29053,1.3297789,2.0088873,3147.6482,0.2019927
2010-05-01,101488.125,289.39615,0.5710876,1.047425,3133.3948,0.16684437
2010-06-01,101691.8,288.0359,0.5071354,1.815412,3144.35,0.32418782
2010-07-01,101781.97,285.9813,0.43866897,1.4592419,3128.1926,0.072921276
2010-08-01,101639.94,287.76248,0.8624643,1.3283886,3142.138,0.14675432
2010-09-01,101628.51,288.75232,1.3082837,1.4195158,3138.4595,0.10809916
2010-10-01,101615.41,289.87186,1.7981554,1.5174664,3132.825,0.08175461
2010-11-01,101479.47,291.0359,2.1144743,1.3447642,3128.733,0.13172944
2010-12-01,101349.42,291.93848,2.3318124,1.6004063,3121.6438,0.12237632
2011-01-01,101190.27,293.6028,2.4241605,1.6571143,3124.0288,0.14776143
2011-02-01,101252.67,294.1631,2.363921,1.5458207,3130.8945,0.15530153
2011-03-01,101300.31,293.0598,1.9125285,1.9198828,3132.2444,0.098950155
2011-04-01,101381.85,291.3583,1.3679914,1.635735,3138.7144,0.11078961
2011-05-01,101424.36,289.8194,0.8186778,1.7253463,3144.6826,0.18488014
2011-06-01,101523.79,288.44757,0.63106227,1.2895722,3132.091,0.2443397
2011-07-01,101584.81,287.2603,0.5477369,1.6219369,3123.124,0.2101613
2011-08-01,101605.72,288.0292,0.7401283,2.0472486,3136.2268,0.12073402
2011-09-01,101592.625,289.76138,1.3053646,1.4331625,3151.0776,0.1639651
2011-10-01,101551.52,289.91376,1.8058509,1.3317246,3128.05,0.13648944
2011-11-01,101416.234,291.4433,2.265204,1.4750111,3135.44,0.18644805
2011-12-01,101300.31,293.01328,2.4361017,1.4040504,3131.1309,0.28207353
2012-01-01,101287.33,294.24484,2.4621086,2.0169234,3135.2998,0.19140357
2012-02-01,101160.64,294.5371,2.3097866,1.4596971,3128.4436,0.23973417
2012-03-01,101113.34,294.1884,1.9035063,1.6190561,3136.0317,0.11088306
2012-04-01,101343.8,292.24042,1.4343345,1.4484766,3135.0981,0.15361631
2012-05-01,101385.164,290.62555,0.63000035,1.4519641,3140.2988,0.13444085
2012-06-01,101490.92,289.37216,0.2985549,1.627244,3142.3394,0.15086387
2012-07-01,101515.83,287.7876,0.42089033,1.7684082,3135.1543,0.17171979
2012-08-01,101634.37,288.2691,0.93013334,1.5511274,3140.5757,0.1930783
2012-09-01,101553.46,289.78894,1.5396847,1.559922,3147.6216,0.1715653
2012-10-01,101513.555,290.59613,1.8305299,1.8998682,3137.9636,0.13020253
2012-11-01,101420.59,291.38953,2.1927583,1.3047352,3135.3875,0.22738257
2012-12-01,101265.44,292.8302,2.3023562,1.5054882,3126.4014,0.14300142
2013-01-01,101213.336,294.27643,2.2912107,1.4628811,3137.504,0.2311736
2013-02-01,101161.25,294.58557,2.2410553,1.4593936,3134.912,0.13661343
2013-03-01,101258.31,293.23874,1.7721492,1.6624215,3138.0566,0.11831063
2013-04-01,101388.67,291.3266,1.2167318,1.7837225,3143.5737,0.12835613
2013-05-01,101569.84,289.77673,0.866179,1.662118,3143.5615,0.30482733
2013-06-01,101550.39,288.5249,0.36489725,1.6968402,3136.4844,0.14890113
2013-07-01,101582.82,288.10165,0.57692695,1.5864565,3140.4749,0.15480845
2013-08-01,101574.734,288.23676,0.85689163,1.4148155,3135.71,0.13199171
2013-09-01,101514.766,289.68622,1.3313712,1.6026807,3136.6133,0.10370539
2013-10-01,101486.97,290.42065,1.8851954,1.5590119,3133.7964,0.11791197
2013-11-01,101384.375,291.01178,2.209742,1.3929814,3125.8281,0.14585972
2013-12-01,101298.78,292.9118,2.4406135,1.2644023,3134.2659,0.20840073
2014-01-01,101220.86,294.15768,2.5600295,1.5919149,3130.995,0.14152601
2014-02-01,101199.83,293.4181,2.1993928,1.8246615,3126.8271,0.081995904
2014-03-01,101303.0,292.62305,1.954458,1.7217072,3132.5447,0.11466932
2014-04-01,101333.67,291.4696,1.3677261,1.7195842,3139.616,0.16507809
2014-05-01,101526.28,289.3211,0.8139012,1.6930499,3132.572,0.21056662
2014-06-01,101522.445,287.94476,0.48696733,1.9633994,3131.26,0.19915158
2014-07-01,101595.92,287.62518,0.38771915,1.8548353,3136.7812,0.14507672
2014-08-01,101529.33,289.2114,0.9495058,1.3835806,3146.663,0.15529294
2014-09-01,101536.11,289.7539,1.5211097,2.2587676,3134.2593,0.16826448
2014-10-01,101411.09,291.4786,2.0144308,1.6927466,3146.4177,0.23348734
2014-11-01,101406.234,291.8299,2.3418953,2.0898557,3137.8171,0.19948253
2014-12-01,101330.87,292.50378,2.5311036,1.9626412,3132.8079,0.2545378
2015-01-01,101244.97,293.88373,2.5127935,1.8038884,3141.6929,0.32452446
2015-02-01,101232.06,294.37146,2.5027094,1.6719736,3140.029,0.20560825
2015-03-01,101232.26,293.97076,2.0921836,1.5582542,3140.7622,0.26049948
2015-04-01,101243.58,293.1748,1.7286276,2.1653657,3144.0127,0.18271996
2015-05-01,101404.72,291.37418,0.991168,2.1277623,3141.3071,0.19852021
2015-06-01,101400.06,289.64236,0.4097445,1.9829593,3149.3794,0.26008272
2015-07-01,101551.14,288.39252,0.5718849,2.0116167,3135.6704,0.24945162
2015-08-01,101453.48,289.1958,0.76162434,1.5036684,3130.8735,0.17836052
2015-09-01,101388.25,291.24475,1.1941749,1.9549084,3138.6982,0.037002347
2015-10-01,101432.83,292.00122,1.7310166,1.9464171,3139.1836,0.18242621
2015-11-01,101280.27,292.4886,2.1189857,2.0698411,3127.7275,0.16662979
2015-12-01,101169.31,294.28583,2.3904586,2.0311759,3136.5151,0.22041947
2016-01-01,101288.87,294.69452,2.5234087,1.8198092,3148.3262,0.12599377
2016-02-01,101099.81,295.44586,2.4668849,2.0049448,3142.3599,0.21861696
2016-03-01,101269.8,294.3614,2.0319448,1.6142042,3153.456,0.12382978
2016-04-01,101336.53,292.72217,1.5118209,2.0131326,3142.1228,0.15980786
2016-05-01,101467.83,290.9424,0.60797524,1.4798632,3143.9966,0.21333241
2016-06-01,101582.19,288.9163,0.23168206,1.4160287,3140.1494,0.27291787
2016-07-01,101574.03,288.73657,0.39382243,1.6437714,3140.8438,0.22179283
2016-08-01,101538.92,289.3063,0.9625077,1.9013844,3144.0896,0.13589242
2016-09-01,101539.28,290.28775,1.2140778,1.6540816,3153.577,0.113223486
2016-10-01,101430.28,291.43683,1.6880264,1.789484,3138.871,0.09061465
2016-11-01,101360.55,292.64648,1.9945279,1.5359652,3137.69,0.15582798
2016-12-01,101300.77,293.49078,2.3400383,1.8508928,3135.5347,0.14410107
2017-01-01,101190.97,295.3248,2.4849296,1.0075474,3144.7646,0.16828068
2017-02-01,101199.14,295.07407,2.3150938,1.5723552,3139.244,0.075605035
2017-03-01,101206.14,294.08887,1.9247355,2.1423185,3140.921,0.06876592
